<?xml version="1.0" encoding="UTF-8"?>
<project-private xmlns="http://www.netbeans.org/ns/project-private/1">
    <editor-bookmarks xmlns="http://www.netbeans.org/ns/editor-bookmarks/2" lastBookmarkId="0"/>
    <open-files xmlns="http://www.netbeans.org/ns/projectui-open-files/2">
        <group>
            <file>file:/Users/zhangjinming/Desktop/groupwork1-Stu/Stu-V0/src/UserInterface/WorkAreas/StudentRole/ManageProfile/StudentManageProfileJPanel.java</file>
            <file>file:/Users/zhangjinming/Desktop/groupwork1-Stu/Stu-V0/src/UserInterface/WorkAreas/FacultyRole/ManageCourses/FacultyManageCoursesJPanel.java</file>
            <file>file:/Users/zhangjinming/Desktop/groupwork1-Stu/Stu-V0/src/UserInterface/WorkAreas/FacultyRole/FacultyWorkAreaJFrame.java</file>
        </group>
    </open-files>
</project-private>
